uniqueid,filename,institutioncode,collectioncode,cataloguenumber,class,order,family,genus,specificepithet,infraspecificepithet,sex,lifestage,country,locality,decimallatitude,decimallongitude,geodeticdatum,verbatimelevation,eventdate,measurementdetermineddate,patch,lightangle1,lightangle2,probeangle1,probeangle2,replicate,comments
4,AMNH_103040.00000004,AMNH,birds skins,103040,Aves,Passeriformes,Passerellidae,Melozone,leucotis,nigrior,Male,Adult,Nicaragua,Chontales,,,,,,,throat,0,0,0,0,4,
5,AMNH_103040.00000005,AMNH,birds skins,103040,Aves,Passeriformes,Passerellidae,Melozone,leucotis,nigrior,Female,Adult,Nicaragua,Chontales,,,,,,,throat,0,0,0,0,5,
1,AMNH_103040.00000001,AMNH,birds skins,103040,Aves,Passeriformes,Passerellidae,Melozone,leucotis,nigrior,Male,Infant,Nicaragua,Chontales,,,,,,,throat,0,0,0,0,1,
2,AMNH_103040.00000002,AMNH,birds skins,103040,Aves,Passeriformes,Passerellidae,Melozone,leucotis,nigrior,Female,Adult,Nicaragua,Chontales,,,,,,,throat,0,0,0,0,2,
3,AMNH_103040.00000003,AMNH,birds skins,103040,Aves,Passeriformes,Passerellidae,Trogon,leucotis,nigrior,Male,Adult,Nicaragua,Chontales,,,,,,,throat,0,0,0,0,3,
1,AMNH_103040.00000001,AMNH,birds skins,103040,Aves,Passeriformes,Passerellidae,Melozone,leucotis,nigrior,Male,Infant,Nicaragua,Chontales,,,,,,,throat,0,0,0,0,1,
2,AMNH_103040.00000002,AMNH,birds skins,103040,Aves,Passeriformes,Passerellidae,Melozone,leucotis,nigrior,Female,Adult,Nicaragua,Chontales,,,,,,,throat,0,0,0,0,2,
3,AMNH_103040.00000003,AMNH,birds skins,103040,Aves,Passeriformes,Passerellidae,Trogon,leucotis,nigrior,Male,Adult,Nicaragua,Chontales,,,,,,,throat,0,0,0,0,3,